company,wiki_title,wiki_href,official_site,status,keep_for_brand_guide_pool,evidence_url,evidence_type,notes
Abbott Laboratories,Abbott Laboratories,https://de.wikipedia.org/wiki/Abbott_Laboratories,https://abbott.com,not_yet_confirmed,no,,,Official website did not respond within the scan budget.
AbbVie,AbbVie,https://de.wikipedia.org/wiki/AbbVie,https://www.abbvie.com/,not_yet_confirmed,no,,,Official website did not respond within the scan budget.
Accenture,Accenture,https://de.wikipedia.org/wiki/Accenture,https://www.accenture.com/,partial_official_material,yes,https://www.accenture.com/de-de,partial_term,"Official brand-adjacent material exists, but it is thinner than a full brand guide."
Adobe Inc.,Adobe Inc.,https://de.wikipedia.org/wiki/Adobe_Inc.,https://www.adobe.com/,minimal_official_material,no,https://www.adobe.com/,minimal_term,Only thin official material surfaced in the scan budget.
Agricultural Bank of China,Agricultural Bank of China,https://de.wikipedia.org/wiki/Agricultural_Bank_of_China,https://www.abchina.com,minimal_official_material,no,https://www.abchina.com/cn/,minimal_term,Only thin official material surfaced in the scan budget.
Alibaba Group,Alibaba Group,https://de.wikipedia.org/wiki/Alibaba_Group,https://www.alibabagroup.com/,partial_official_material,yes,https://www.alibabagroup.com/en-US/logos,partial_term,"Official brand-adjacent material exists, but it is thinner than a full brand guide."
Alibaba.com,Alibaba.com,https://de.wikipedia.org/wiki/Alibaba.com,https://www.alibaba.com,partial_official_material,yes,https://error.alibaba.com/error404.htm,partial_term,"Official brand-adjacent material exists, but it is thinner than a full brand guide."
Allianz,Allianz SE,https://de.wikipedia.org/wiki/Allianz_SE,https://www.allianz.com/,not_yet_confirmed,no,,,Official website did not respond within the scan budget.
Alphabet,Alphabet Inc.,https://de.wikipedia.org/wiki/Alphabet_Inc.,https://abc.xyz/,minimal_official_material,no,https://abc.xyz/,minimal_term,Only thin official material surfaced in the scan budget.
Amazon.com,Amazon.com,https://de.wikipedia.org/wiki/Amazon.com,https://www.amazon.com/,partial_official_material,yes,https://www.amazon.com/gp/browse.html?node=10159584011&ref=logoaivpage,partial_term,"Official brand-adjacent material exists, but it is thinner than a full brand guide."
AMD,AMD,https://de.wikipedia.org/wiki/AMD,https://www.amd.com/,not_yet_confirmed,no,,,Official website did not respond within the scan budget.
American Express,American Express,https://de.wikipedia.org/wiki/American_Express,https://www.americanexpress.com/,partial_official_material,yes,https://www.americanexpress.com/de-de/,partial_term,"Official brand-adjacent material exists, but it is thinner than a full brand guide."
Amgen,Amgen Inc.,https://de.wikipedia.org/wiki/Amgen_Inc.,https://www.amgen.com/,partial_official_material,yes,https://www.amgen.com/-/media/Themes/CorporateAffairs/amgen-com/amgen-com/styles/main.css,partial_term,"Official brand-adjacent material exists, but it is thinner than a full brand guide."
Anheuser-Busch InBev,Anheuser-Busch InBev,https://de.wikipedia.org/wiki/Anheuser-Busch_InBev,https://www.ab-inbev.com/,partial_official_material,yes,https://www.ab-inbev.com/,partial_term,"Official brand-adjacent material exists, but it is thinner than a full brand guide."
Apple,Apple,https://de.wikipedia.org/wiki/Apple,https://apple.com,partial_official_material,yes,https://www.apple.com/,partial_term,"Official brand-adjacent material exists, but it is thinner than a full brand guide."
ASML,ASML,https://de.wikipedia.org/wiki/ASML,https://www.asml.com/,partial_official_material,yes,https://www.asml.com/images/icons/asml-logo.svg#logo,partial_term,"Official brand-adjacent material exists, but it is thinner than a full brand guide."
AstraZeneca,AstraZeneca,https://de.wikipedia.org/wiki/AstraZeneca,http://www.astrazeneca.com/,partial_official_material,yes,https://www.astrazeneca.com/,partial_term,"Official brand-adjacent material exists, but it is thinner than a full brand guide."
AT&T,AT&T,https://de.wikipedia.org/wiki/AT%26T,https://www.att.com,partial_official_material,yes,https://www.att.com,partial_term,"Official brand-adjacent material exists, but it is thinner than a full brand guide."
AXA,AXA,https://de.wikipedia.org/wiki/AXA,https://www.axa.com/,partial_official_material,yes,https://www.axa.com/,partial_term,"Official brand-adjacent material exists, but it is thinner than a full brand guide."
Banco Santander,Banco Santander,https://de.wikipedia.org/wiki/Banco_Santander,https://www.santander.com/,partial_official_material,yes,https://www.santander.com/en/home,partial_term,"Official brand-adjacent material exists, but it is thinner than a full brand guide."
Bank of America,Bank of America,https://de.wikipedia.org/wiki/Bank_of_America,https://www.bankofamerica.com/,partial_official_material,yes,https://www.bankofamerica.com/,partial_term,"Official brand-adjacent material exists, but it is thinner than a full brand guide."
Bank of China,Bank of China,https://de.wikipedia.org/wiki/Bank_of_China,https://www.boc.cn,partial_official_material,yes,https://www.boc.cn,partial_term,"Official brand-adjacent material exists, but it is thinner than a full brand guide."
Bank of Communications,Bank of Communications,https://de.wikipedia.org/wiki/Bank_of_Communications,https://www.bankcomm.com/,not_yet_confirmed,no,,,Official website did not respond within the scan budget.
Bank of Nova Scotia,Bank of Nova Scotia,https://de.wikipedia.org/wiki/Bank_of_Nova_Scotia,https://www.scotiabank.com/,partial_official_material,yes,https://www.scotiabank.com/global/en/global-site.html,partial_term,"Official brand-adjacent material exists, but it is thinner than a full brand guide."
BBVA,BBVA,https://de.wikipedia.org/wiki/BBVA,https://www.bbva.com/en/,partial_official_material,yes,https://www.bbva.com/en/,partial_term,"Official brand-adjacent material exists, but it is thinner than a full brand guide."
Berkshire Hathaway,Berkshire Hathaway,https://de.wikipedia.org/wiki/Berkshire_Hathaway,https://www.berkshirehathaway.com/,not_yet_confirmed,no,,,Official website did not respond within the scan budget.
BMW,BMW,https://de.wikipedia.org/wiki/BMW,https://www.bmw.com,not_yet_confirmed,no,,,Official website did not respond within the scan budget.
BMW Group,BMW Group,https://de.wikipedia.org/wiki/BMW_Group,https://www.bmwgroup.com/,partial_official_material,yes,https://www.bmwgroup.com/en.html,partial_term,"Official brand-adjacent material exists, but it is thinner than a full brand guide."
BNP Paribas,BNP Paribas,https://de.wikipedia.org/wiki/BNP_Paribas,https://group.bnpparibas,not_yet_confirmed,no,,,Official website did not respond within the scan budget.
BP,BP,https://de.wikipedia.org/wiki/BP,https://bp.com,partial_official_material,yes,https://www.bp.com/,partial_term,"Official brand-adjacent material exists, but it is thinner than a full brand guide."
Broadcom,Broadcom,https://de.wikipedia.org/wiki/Broadcom,https://www.broadcom.com/,partial_official_material,yes,https://www.broadcom.com/,partial_term,"Official brand-adjacent material exists, but it is thinner than a full brand guide."
Broadcom Inc.,Broadcom Inc.,https://de.wikipedia.org/wiki/Broadcom_Inc.,https://www.broadcom.com/,partial_official_material,yes,https://www.broadcom.com/,partial_term,"Official brand-adjacent material exists, but it is thinner than a full brand guide."
BYD,BYD,https://de.wikipedia.org/wiki/BYD,https://www.bydglobal.com/,partial_official_material,yes,https://www.bydglobal.com/cn/index.html,partial_term,"Official brand-adjacent material exists, but it is thinner than a full brand guide."
Cardinal Health,Cardinal Health,https://de.wikipedia.org/wiki/Cardinal_Health,https://www.cardinalhealth.com/,not_yet_confirmed,no,,,Official website did not respond within the scan budget.
Caterpillar,Caterpillar,https://de.wikipedia.org/wiki/Caterpillar,https://www.caterpillar.com/,not_yet_confirmed,no,,,Official website did not respond within the scan budget.
CATL,CATL,https://de.wikipedia.org/wiki/CATL,https://www.catl.com/en/,partial_official_material,yes,https://www.catl.com/en/,partial_term,"Official brand-adjacent material exists, but it is thinner than a full brand guide."
Cencora,Cencora,https://de.wikipedia.org/wiki/Cencora,http://www.cencora.com/,partial_official_material,yes,https://www.cencora.com/,partial_term,"Official brand-adjacent material exists, but it is thinner than a full brand guide."
Centene,Centene,https://de.wikipedia.org/wiki/Centene,https://www.centene.com/,partial_official_material,yes,https://www.centene.com/,partial_term,"Official brand-adjacent material exists, but it is thinner than a full brand guide."
Chevron,Chevron Corporation,https://de.wikipedia.org/wiki/Chevron_Corporation,https://www.chevron.com,not_yet_confirmed,no,,,Official website did not respond within the scan budget.
China Baowu Steel Group,China Baowu Steel Group,https://de.wikipedia.org/wiki/China_Baowu_Steel_Group,http://www.baowugroup.com,partial_official_material,yes,https://www.baowugroup.com/logos,partial_term,"Official brand-adjacent material exists, but it is thinner than a full brand guide."
China Communications Construction,China Communications Construction Company,https://de.wikipedia.org/wiki/China_Communications_Construction_Company,http://en.ccccltd.cn/,partial_official_material,yes,https://en.ccccltd.cn/,partial_term,"Official brand-adjacent material exists, but it is thinner than a full brand guide."
China Construction Bank,China Construction Bank,https://de.wikipedia.org/wiki/China_Construction_Bank,https://ccb.com,not_yet_confirmed,no,,,Official website did not respond within the scan budget.
China Energy Investment,China Energy Investment,https://de.wikipedia.org/wiki/China_Energy_Investment,https://www.ceic.com/,partial_official_material,yes,https://www.ceic.com/,partial_term,"Official brand-adjacent material exists, but it is thinner than a full brand guide."
China Life Insurance,China Life Insurance,https://de.wikipedia.org/wiki/China_Life_Insurance,https://www.chinalife.com.cn,partial_official_material,yes,https://www.chinalife.com.cn,partial_term,"Official brand-adjacent material exists, but it is thinner than a full brand guide."
China Merchants Bank,China Merchants Bank,https://de.wikipedia.org/wiki/China_Merchants_Bank,https://www.cmbchina.com,partial_official_material,yes,https://www.cmbchina.com,partial_term,"Official brand-adjacent material exists, but it is thinner than a full brand guide."
China Minmetals,China Minmetals,https://de.wikipedia.org/wiki/China_Minmetals,http://www.minmetals.com/,partial_official_material,yes,http://www.minmetals.com/,partial_term,"Official brand-adjacent material exists, but it is thinner than a full brand guide."
China Mobile,China Mobile,https://de.wikipedia.org/wiki/China_Mobile,http://www.10086.cn/,not_yet_confirmed,no,,,Official website did not respond within the scan budget.
China National Offshore Oil,China National Offshore Oil,https://de.wikipedia.org/wiki/China_National_Offshore_Oil,https://www.cnooc.com.cn/,not_yet_confirmed,no,,,"No brand-guide, media, logo, or culture signal was found on the scanned official-domain pages."
China National Petroleum,China National Petroleum Corporation,https://de.wikipedia.org/wiki/China_National_Petroleum_Corporation,http://www.cnpc.com.cn/,not_yet_confirmed,no,,,Official website did not respond within the scan budget.
China Railway Construction,China Railway Construction,https://de.wikipedia.org/wiki/China_Railway_Construction,http://www.crcc.cn,partial_official_material,yes,http://www.crcc.cn/logos,partial_term,"Official brand-adjacent material exists, but it is thinner than a full brand guide."
China Railway Engineering,China Railway Engineering,https://de.wikipedia.org/wiki/China_Railway_Engineering,http://www.crecg.com,partial_official_material,yes,https://www.crecg.com/,partial_term,"Official brand-adjacent material exists, but it is thinner than a full brand guide."
China Resources,China Resources,https://de.wikipedia.org/wiki/China_Resources,http://www.crc.com.hk,partial_official_material,yes,https://www.crc.com.hk/about/culture/index.html,partial_term,"Official brand-adjacent material exists, but it is thinner than a full brand guide."
China Southern Power Grid,China Southern Power Grid,https://de.wikipedia.org/wiki/China_Southern_Power_Grid,http://www.csg.cn/,partial_official_material,yes,http://www.csg.cn/logos,partial_term,"Official brand-adjacent material exists, but it is thinner than a full brand guide."
China State Construction Engineering,China State Construction Engineering,https://de.wikipedia.org/wiki/China_State_Construction_Engineering,https://english.cscec.com/,partial_official_material,yes,https://english.cscec.com/,partial_term,"Official brand-adjacent material exists, but it is thinner than a full brand guide."
Chubb,Chubb,https://de.wikipedia.org/wiki/Chubb,http://www.acelimited.com/,partial_official_material,yes,https://www.chubb.com/de-de/,partial_term,"Official brand-adjacent material exists, but it is thinner than a full brand guide."
CIGNA,CIGNA,https://de.wikipedia.org/wiki/CIGNA,https://www.cigna.com/,minimal_official_material,no,https://www.cigna.com/,minimal_term,Only thin official material surfaced in the scan budget.
Cisco Systems,Cisco Systems,https://de.wikipedia.org/wiki/Cisco_Systems,https://www.cisco.com/,partial_official_material,yes,https://www.cisco.com/,partial_term,"Official brand-adjacent material exists, but it is thinner than a full brand guide."
CITIC Group,CITIC Group,https://de.wikipedia.org/wiki/CITIC_Group,https://www.group.citic,partial_official_material,yes,https://www.group.citic,partial_term,"Official brand-adjacent material exists, but it is thinner than a full brand guide."
Citigroup,Citigroup,https://de.wikipedia.org/wiki/Citigroup,http://www.citigroup.com/,partial_official_material,yes,https://www.citigroup.com/global,partial_term,"Official brand-adjacent material exists, but it is thinner than a full brand guide."
CNOOC,CNOOC,https://de.wikipedia.org/wiki/CNOOC,https://www.cnoocltd.com/,partial_official_material,yes,https://www.cnoocltd.com/,partial_term,"Official brand-adjacent material exists, but it is thinner than a full brand guide."
Coca-Cola,The Coca-Cola Company,https://de.wikipedia.org/wiki/The_Coca-Cola_Company,https://www.coca-colacompany.com/,partial_official_material,yes,https://www.coca-colacompany.com/,partial_term,"Official brand-adjacent material exists, but it is thinner than a full brand guide."
Coca-Cola,Coca-Cola Company,https://de.wikipedia.org/wiki/Coca-Cola_Company,https://www.coca-colacompany.com/,partial_official_material,yes,https://www.coca-colacompany.com/,partial_term,"Official brand-adjacent material exists, but it is thinner than a full brand guide."
Comcast,Comcast,https://de.wikipedia.org/wiki/Comcast,https://www.cmcsa.com/,not_yet_confirmed,no,,,Official website did not respond within the scan budget.
Commonwealth Bank,Commonwealth Bank of Australia,https://de.wikipedia.org/wiki/Commonwealth_Bank_of_Australia,https://www.commbank.com.au/,partial_official_material,yes,https://www.commbank.com.au/,partial_term,"Official brand-adjacent material exists, but it is thinner than a full brand guide."
Costco Wholesale,Costco Wholesale,https://de.wikipedia.org/wiki/Costco_Wholesale,https://www.costco.com/,not_yet_confirmed,no,,,Official website did not respond within the scan budget.
Crédit Agricole,Crédit Agricole,https://de.wikipedia.org/wiki/Cr%C3%A9dit_Agricole,https://www.credit-agricole.com/,partial_official_material,yes,https://www.credit-agricole.com/,partial_term,"Official brand-adjacent material exists, but it is thinner than a full brand guide."
CVS Health,CVS Caremark,https://de.wikipedia.org/wiki/CVS_Caremark,https://www.cvshealth.com/,partial_official_material,yes,https://www.cvshealth.com/,partial_term,"Official brand-adjacent material exists, but it is thinner than a full brand guide."
CVS Health,CVS Health,https://de.wikipedia.org/wiki/CVS_Health,http://cvshealth.com/,partial_official_material,yes,https://www.cvshealth.com/,partial_term,"Official brand-adjacent material exists, but it is thinner than a full brand guide."
Deutsche Telekom,Deutsche Telekom,https://de.wikipedia.org/wiki/Deutsche_Telekom,https://www.telekom.com/,partial_official_material,yes,https://www.telekom.com/,partial_term,"Official brand-adjacent material exists, but it is thinner than a full brand guide."
Elevance Health,Elevance Health,https://de.wikipedia.org/wiki/Elevance_Health,https://www.elevancehealth.com,partial_official_material,yes,https://www.elevancehealth.com,partial_term,"Official brand-adjacent material exists, but it is thinner than a full brand guide."
Eli Lilly and Company,Eli Lilly and Company,https://de.wikipedia.org/wiki/Eli_Lilly_and_Company,https://www.lilly.com/,partial_official_material,yes,https://www.lilly.com/,partial_term,"Official brand-adjacent material exists, but it is thinner than a full brand guide."
Enel,Enel,https://de.wikipedia.org/wiki/Enel,https://www.enel.com/,partial_official_material,yes,https://www.enel.com/,partial_term,"Official brand-adjacent material exists, but it is thinner than a full brand guide."
Equinor,Equinor,https://de.wikipedia.org/wiki/Equinor,https://equinor.de,minimal_official_material,no,https://www.equinor.de/impressum,minimal_term,Only thin official material surfaced in the scan budget.
ExxonMobil,ExxonMobil,https://de.wikipedia.org/wiki/ExxonMobil,https://corporate.exxonmobil.com/,partial_official_material,yes,https://corporate.exxonmobil.com/,partial_term,"Official brand-adjacent material exists, but it is thinner than a full brand guide."
Fannie Mae,Fannie Mae,https://de.wikipedia.org/wiki/Fannie_Mae,https://www.fanniemae.com/,partial_official_material,yes,https://www.fanniemae.com/newsroom,partial_term,"Official brand-adjacent material exists, but it is thinner than a full brand guide."
Ford Motor,Ford Motor Company,https://de.wikipedia.org/wiki/Ford_Motor_Company,https://www.ford.com/,not_yet_confirmed,no,,,Official website did not respond within the scan budget.
Foxconn,Foxconn,https://de.wikipedia.org/wiki/Foxconn,https://www.foxconn.com/,minimal_official_material,no,https://www.foxconn.com/zh-tw,minimal_term,Only thin official material surfaced in the scan budget.
Freddie Mac,Freddie Mac,https://de.wikipedia.org/wiki/Freddie_Mac,http://www.freddiemac.com,partial_official_material,yes,https://www.freddiemac.com/,partial_term,"Official brand-adjacent material exists, but it is thinner than a full brand guide."
Gazprom,Gazprom,https://de.wikipedia.org/wiki/Gazprom,https://www.gazprom.ru/,not_yet_confirmed,no,,,Official website did not respond within the scan budget.
General Electric,General Electric,https://de.wikipedia.org/wiki/General_Electric,https://www.ge.com/,partial_official_material,yes,https://www.ge.com/,partial_term,"Official brand-adjacent material exists, but it is thinner than a full brand guide."
General Motors,General Motors,https://de.wikipedia.org/wiki/General_Motors,https://www.gm.com/,partial_official_material,yes,https://www.gm.com/logos,partial_term,"Official brand-adjacent material exists, but it is thinner than a full brand guide."
Glencore,Glencore,https://de.wikipedia.org/wiki/Glencore,https://www.glencore.com/,partial_official_material,yes,https://www.glencore.com/,partial_term,"Official brand-adjacent material exists, but it is thinner than a full brand guide."
Goldman Sachs,Goldman Sachs,https://de.wikipedia.org/wiki/Goldman_Sachs,https://www.goldmansachs.com/,not_yet_confirmed,no,,,Official website did not respond within the scan budget.
HDFC Bank,HDFC Bank,https://de.wikipedia.org/wiki/HDFC_Bank,https://hdfc.bank.in/,partial_official_material,yes,https://www.hdfc.bank.in/,partial_term,"Official brand-adjacent material exists, but it is thinner than a full brand guide."
Hengli Group,Hengli Group,https://de.wikipedia.org/wiki/Hengli_Group,https://www.hengli.com/,partial_official_material,yes,https://global.hengli.com/,partial_term,"Official brand-adjacent material exists, but it is thinner than a full brand guide."
Hermès,Hermès (Unternehmen),https://de.wikipedia.org/wiki/Herm%C3%A8s_(Unternehmen),https://www.hermes.com/,not_yet_confirmed,no,,,Official website did not respond within the scan budget.
Hoffmann-La Roche,Hoffmann-La Roche,https://de.wikipedia.org/wiki/Hoffmann-La_Roche,https://www.roche.com/,minimal_official_material,no,https://www.roche.com/,minimal_term,Only thin official material surfaced in the scan budget.
Home Depot,Home Depot,https://de.wikipedia.org/wiki/Home_Depot,https://www.homedepot.com/,not_yet_confirmed,no,,,Official website did not respond within the scan budget.
Home Depot,The Home Depot,https://de.wikipedia.org/wiki/The_Home_Depot,https://www.homedepot.com/,not_yet_confirmed,no,,,Official website did not respond within the scan budget.
Honda Motor,Honda,https://de.wikipedia.org/wiki/Honda,https://global.honda,partial_official_material,yes,https://global.honda/en/,partial_term,"Official brand-adjacent material exists, but it is thinner than a full brand guide."
Honda Motor,Honda Motor,https://de.wikipedia.org/wiki/Honda_Motor,https://global.honda/en/,partial_official_material,yes,https://global.honda/en/,partial_term,"Official brand-adjacent material exists, but it is thinner than a full brand guide."
HSBC,HSBC,https://de.wikipedia.org/wiki/HSBC,https://hsbc.com/,partial_official_material,yes,https://www.hsbc.com/,partial_term,"Official brand-adjacent material exists, but it is thinner than a full brand guide."
Huawei,Huawei,https://de.wikipedia.org/wiki/Huawei,https://www.huawei.com/,partial_official_material,yes,https://www.huawei.com/en/,partial_term,"Official brand-adjacent material exists, but it is thinner than a full brand guide."
Humana Inc.,Humana Inc.,https://de.wikipedia.org/wiki/Humana_Inc.,https://www.humana.com/,not_yet_confirmed,no,,,Official website did not respond within the scan budget.
Hyundai Motor,Hyundai Motor Company,https://de.wikipedia.org/wiki/Hyundai_Motor_Company,https://www.hyundai.com/,partial_official_material,yes,https://www.hyundai.com/de/de.html,partial_term,"Official brand-adjacent material exists, but it is thinner than a full brand guide."
IBM,IBM,https://de.wikipedia.org/wiki/IBM,https://www.ibm.com/,partial_official_material,yes,https://www.ibm.com/us-en,partial_term,"Official brand-adjacent material exists, but it is thinner than a full brand guide."
ICBC,Industrial and Commercial Bank of China,https://de.wikipedia.org/wiki/Industrial_and_Commercial_Bank_of_China,https://www.icbc.com.cn,not_yet_confirmed,no,,,"No brand-guide, media, logo, or culture signal was found on the scanned official-domain pages."
Inditex,Inditex,https://de.wikipedia.org/wiki/Inditex,https://www.inditex.com/,partial_official_material,yes,https://www.inditex.com/itxcomweb/es/en/home,partial_term,"Official brand-adjacent material exists, but it is thinner than a full brand guide."
Industrial Bank,Industrial Bank,https://de.wikipedia.org/wiki/Industrial_Bank,https://www.cib.com.cn,partial_official_material,yes,https://www.cib.com.cn/cn/index.html,partial_term,"Official brand-adjacent material exists, but it is thinner than a full brand guide."
International Holding Company,International Holding Company,https://de.wikipedia.org/wiki/International_Holding_Company,https://www.ihcuae.com/,partial_official_material,yes,https://www.ihcuae.com/newsroom,partial_term,"Official brand-adjacent material exists, but it is thinner than a full brand guide."
Intesa Sanpaolo,Intesa Sanpaolo,https://de.wikipedia.org/wiki/Intesa_Sanpaolo,https://www.intesasanpaolo.com/,partial_official_material,yes,https://www.intesasanpaolo.com/,partial_term,"Official brand-adjacent material exists, but it is thinner than a full brand guide."
Intuit,Intuit,https://de.wikipedia.org/wiki/Intuit,https://www.intuit.com/,not_yet_confirmed,no,,,Official website did not respond within the scan budget.
Intuitive Surgical,Intuitive Surgical,https://de.wikipedia.org/wiki/Intuitive_Surgical,https://www.intuitive.com,partial_official_material,yes,https://www.intuitive.com/logos,partial_term,"Official brand-adjacent material exists, but it is thinner than a full brand guide."
Itaú Unibanco,Itaú Unibanco,https://de.wikipedia.org/wiki/Ita%C3%BA_Unibanco,https://www.itau.com.br,not_yet_confirmed,no,,,Official website did not respond within the scan budget.
JD.com,JD.com,https://de.wikipedia.org/wiki/JD.com,https://jd.com/,partial_official_material,yes,https://global.jd.com/,partial_term,"Official brand-adjacent material exists, but it is thinner than a full brand guide."
Johnson & Johnson,Johnson & Johnson,https://de.wikipedia.org/wiki/Johnson_%26_Johnson,https://www.jnj.com,rich_brand,yes,https://www.jnj.com,rich_term,Useful official brand-guide material is available.
JPMorgan Chase,JPMorgan Chase,https://de.wikipedia.org/wiki/JPMorgan_Chase,http://www.jpmorgan.com,minimal_official_material,no,https://www.jpmorgan.com/DE/en/about-us,minimal_term,Only thin official material surfaced in the scan budget.
Kroger,Kroger (Unternehmen),https://de.wikipedia.org/wiki/Kroger_(Unternehmen),https://www.kroger.com,not_yet_confirmed,no,,,Official website did not respond within the scan budget.
Kweichow Moutai,Kweichow Moutai,https://de.wikipedia.org/wiki/Kweichow_Moutai,https://www.moutaichina.com,partial_official_material,yes,https://www.moutaichina.com,partial_term,"Official brand-adjacent material exists, but it is thinner than a full brand guide."
Life Insurance Corporation of India,Life Insurance Corporation of India,https://de.wikipedia.org/wiki/Life_Insurance_Corporation_of_India,https://licindia.in/,partial_official_material,yes,https://licindia.in/,partial_term,"Official brand-adjacent material exists, but it is thinner than a full brand guide."
Linde plc,Linde plc,https://de.wikipedia.org/wiki/Linde_plc,http://www.linde.com/,partial_official_material,yes,https://www.linde.com/,partial_term,"Official brand-adjacent material exists, but it is thinner than a full brand guide."
LVMH,Moët Hennessy Louis Vuitton,https://de.wikipedia.org/wiki/Mo%C3%ABt_Hennessy_Louis_Vuitton,https://www.lvmh.com/,partial_official_material,yes,https://www.lvmh.com/en,partial_term,"Official brand-adjacent material exists, but it is thinner than a full brand guide."
LVMH,LVMH,https://de.wikipedia.org/wiki/LVMH,https://www.lvmh.com/,partial_official_material,yes,https://www.lvmh.com/en,partial_term,"Official brand-adjacent material exists, but it is thinner than a full brand guide."
L’Oréal,L’Oréal,https://de.wikipedia.org/wiki/L%E2%80%99Or%C3%A9al,http://www.loreal.com,partial_official_material,yes,https://www.loreal.com/en/,partial_term,"Official brand-adjacent material exists, but it is thinner than a full brand guide."
Marathon Petroleum,Marathon Petroleum,https://de.wikipedia.org/wiki/Marathon_Petroleum,https://www.marathonpetroleum.com/,partial_official_material,yes,https://www.marathonpetroleum.com/,partial_term,"Official brand-adjacent material exists, but it is thinner than a full brand guide."
Mastercard,Mastercard,https://de.wikipedia.org/wiki/Mastercard,https://www.mastercard.com/,not_yet_confirmed,no,,,Official website did not respond within the scan budget.
McDonald’s,McDonald’s,https://de.wikipedia.org/wiki/McDonald%E2%80%99s,https://www.mcdonalds.com,partial_official_material,yes,https://www.mcdonalds.com/de/de-de.html,partial_term,"Official brand-adjacent material exists, but it is thinner than a full brand guide."
McKesson,McKesson,https://de.wikipedia.org/wiki/McKesson,https://www.mckesson.com/,partial_official_material,yes,https://www.mckesson.com/,partial_term,"Official brand-adjacent material exists, but it is thinner than a full brand guide."
Mercedes-Benz Group,Mercedes-Benz Group,https://de.wikipedia.org/wiki/Mercedes-Benz_Group,https://group.mercedes-benz.com/,not_yet_confirmed,no,,,Official website did not respond within the scan budget.
Merck,MSD Sharp & Dohme,https://de.wikipedia.org/wiki/MSD_Sharp_%26_Dohme,https://www.merck.com/,partial_official_material,yes,https://www.merck.com/media/,partial_term,"Official brand-adjacent material exists, but it is thinner than a full brand guide."
Meta Platforms,Meta Platforms,https://de.wikipedia.org/wiki/Meta_Platforms,https://www.meta.com/,partial_official_material,yes,https://www.meta.com/de/en/,partial_term,"Official brand-adjacent material exists, but it is thinner than a full brand guide."
Microsoft,Microsoft,https://de.wikipedia.org/wiki/Microsoft,https://www.microsoft.com/,minimal_official_material,no,https://www.microsoft.com/de-de,minimal_term,Only thin official material surfaced in the scan budget.
Mitsubishi Corporation,Mitsubishi Corporation,https://de.wikipedia.org/wiki/Mitsubishi_Corporation,http://www.mitsubishicorp.com/,partial_official_material,yes,https://www.mitsubishicorp.com/,partial_term,"Official brand-adjacent material exists, but it is thinner than a full brand guide."
Mitsubishi UFJ Financial,Mitsubishi UFJ Financial Group,https://de.wikipedia.org/wiki/Mitsubishi_UFJ_Financial_Group,http://www.mufg.jp/,partial_official_material,yes,https://www.mufg.jp/,partial_term,"Official brand-adjacent material exists, but it is thinner than a full brand guide."
Mitsubishi UFJ Financial,Mitsubishi UFJ Financial,https://de.wikipedia.org/wiki/Mitsubishi_UFJ_Financial,https://www.mufg.jp/english/,partial_official_material,yes,https://www.mufg.jp/english/,partial_term,"Official brand-adjacent material exists, but it is thinner than a full brand guide."
Morgan Stanley,Morgan Stanley,https://de.wikipedia.org/wiki/Morgan_Stanley,https://morganstanley.com,not_yet_confirmed,no,,,Official website did not respond within the scan budget.
Münchener Rück,Münchener Rück,https://de.wikipedia.org/wiki/M%C3%BCnchener_R%C3%BCck,http://www.munichre.com,partial_official_material,yes,https://www.munichre.com/en.html,partial_term,"Official brand-adjacent material exists, but it is thinner than a full brand guide."
Nestlé,Nestlé,https://de.wikipedia.org/wiki/Nestl%C3%A9,https://www.nestle.com/,not_yet_confirmed,no,,,Official website did not respond within the scan budget.
Netflix,Netflix,https://de.wikipedia.org/wiki/Netflix,https://www.netflix.com/,partial_official_material,yes,https://www.netflix.com/,partial_term,"Official brand-adjacent material exists, but it is thinner than a full brand guide."
Novartis,Novartis,https://de.wikipedia.org/wiki/Novartis,http://www.novartis.com/,partial_official_material,yes,https://www.novartis.com/,partial_term,"Official brand-adjacent material exists, but it is thinner than a full brand guide."
Novo Nordisk,Novo Nordisk,https://de.wikipedia.org/wiki/Novo_Nordisk,https://www.novonordisk.com,minimal_official_material,no,https://www.novonordisk.com/news-and-media/latest-news/setting-record-straight-on-obesity-and-novo-nordisks-obesity-pill.html,minimal_term,Only thin official material surfaced in the scan budget.
NTT,Nippon Telegraph and Telephone,https://de.wikipedia.org/wiki/Nippon_Telegraph_and_Telephone,https://group.ntt/jp/,partial_official_material,yes,https://group.ntt/jp/,partial_term,"Official brand-adjacent material exists, but it is thinner than a full brand guide."
Nvidia,Nvidia,https://de.wikipedia.org/wiki/Nvidia,https://www.nvidia.com/,partial_official_material,yes,https://www.nvidia.com/de-de/,partial_term,"Official brand-adjacent material exists, but it is thinner than a full brand guide."
Oracle,Oracle,https://de.wikipedia.org/wiki/Oracle,https://www.oracle.com/,not_yet_confirmed,no,,,Official website did not respond within the scan budget.
Palantir Technologies,Palantir Technologies,https://de.wikipedia.org/wiki/Palantir_Technologies,https://www.palantir.com/,partial_official_material,yes,https://www.palantir.com/,partial_term,"Official brand-adjacent material exists, but it is thinner than a full brand guide."
PDD Holdings,Pinduoduo,https://de.wikipedia.org/wiki/Pinduoduo,https://pinduoduo.com,partial_official_material,yes,https://pinduoduo.com,partial_term,"Official brand-adjacent material exists, but it is thinner than a full brand guide."
Pepsico,Pepsico,https://de.wikipedia.org/wiki/Pepsico,https://www.pepsico.com/,not_yet_confirmed,no,,,Official website did not respond within the scan budget.
Petrobras,Petrobras,https://de.wikipedia.org/wiki/Petrobras,https://www.petrobras.com.br,not_yet_confirmed,no,,,"No brand-guide, media, logo, or culture signal was found on the scanned official-domain pages."
PetroChina,PetroChina,https://de.wikipedia.org/wiki/PetroChina,https://www.petrochina.com.cn,not_yet_confirmed,no,,,Official website did not respond within the scan budget.
Philip Morris International,Philip Morris International,https://de.wikipedia.org/wiki/Philip_Morris_International,https://www.pmi.com/,partial_official_material,yes,https://www.pmi.com/,partial_term,"Official brand-adjacent material exists, but it is thinner than a full brand guide."
Phillips 66,Phillips 66,https://de.wikipedia.org/wiki/Phillips_66,https://www.phillips66.com,partial_official_material,yes,https://www.phillips66.com,partial_term,"Official brand-adjacent material exists, but it is thinner than a full brand guide."
Ping An Insurance,Ping An Insurance,https://de.wikipedia.org/wiki/Ping_An_Insurance,https://www.pingan.com,partial_official_material,yes,https://www.pingan.com,partial_term,"Official brand-adjacent material exists, but it is thinner than a full brand guide."
Postal Savings Bank of China,Postal Savings Bank of China,https://de.wikipedia.org/wiki/Postal_Savings_Bank_of_China,http://www.psbc.com/cn/index.html,partial_official_material,yes,http://www.psbc.com/cn/index.html,partial_term,"Official brand-adjacent material exists, but it is thinner than a full brand guide."
Power China,Power China,https://de.wikipedia.org/wiki/Power_China,http://en.powerchina.cn/,partial_official_material,yes,https://en.powerchina.cn/,partial_term,"Official brand-adjacent material exists, but it is thinner than a full brand guide."
Procter & Gamble,Procter & Gamble,https://de.wikipedia.org/wiki/Procter_%26_Gamble,http://www.pg.com/,partial_official_material,yes,https://us.pg.com/,partial_term,"Official brand-adjacent material exists, but it is thinner than a full brand guide."
Progressive Corporation,Progressive Corporation,https://de.wikipedia.org/wiki/Progressive_Corporation,https://www.progressive.com/,not_yet_confirmed,no,,,Official website did not respond within the scan budget.
Qualcomm,Qualcomm,https://de.wikipedia.org/wiki/Qualcomm,https://www.qualcomm.com/,partial_official_material,yes,https://www.qualcomm.com/,partial_term,"Official brand-adjacent material exists, but it is thinner than a full brand guide."
Reliance Industries,Reliance Industries,https://de.wikipedia.org/wiki/Reliance_Industries,https://www.ril.com/,partial_official_material,yes,https://www.ril.com/,partial_term,"Official brand-adjacent material exists, but it is thinner than a full brand guide."
Rosneft,Rosneft,https://de.wikipedia.org/wiki/Rosneft,https://www.rosneft.com/,not_yet_confirmed,no,,,Official website did not respond within the scan budget.
Royal Bank of Canada,Royal Bank of Canada,https://de.wikipedia.org/wiki/Royal_Bank_of_Canada,https://rbc.com,partial_official_material,yes,https://www.rbc.com/newsroom/,partial_term,"Official brand-adjacent material exists, but it is thinner than a full brand guide."
RTX Corporation,RTX Corporation,https://de.wikipedia.org/wiki/RTX_Corporation,https://www.rtx.com/,partial_official_material,yes,https://www.rtx.com/,partial_term,"Official brand-adjacent material exists, but it is thinner than a full brand guide."
S&P Global Ratings,S&P Global Ratings,https://de.wikipedia.org/wiki/S%26P_Global_Ratings,https://www.spglobal.com/ratings/,not_yet_confirmed,no,,,Official website did not respond within the scan budget.
Salesforce.com,Salesforce.com,https://de.wikipedia.org/wiki/Salesforce.com,https://www.salesforce.com/,partial_official_material,yes,https://www.salesforce.com/de/?ir=1&bc=DB,partial_term,"Official brand-adjacent material exists, but it is thinner than a full brand guide."
Samsung Electronics,Samsung Electronics,https://de.wikipedia.org/wiki/Samsung_Electronics,https://samsung.com/,partial_official_material,yes,https://www.samsung.com/de/,partial_term,"Official brand-adjacent material exists, but it is thinner than a full brand guide."
SAP,SAP,https://de.wikipedia.org/wiki/SAP,https://www.sap.com/,partial_official_material,yes,https://www.sap.com/design/,partial_term,"Official brand-adjacent material exists, but it is thinner than a full brand guide."
Saudi Aramco,Saudi Aramco,https://de.wikipedia.org/wiki/Saudi_Aramco,https://www.aramco.com//,partial_official_material,yes,https://www.aramco.com//,partial_term,"Official brand-adjacent material exists, but it is thinner than a full brand guide."
ServiceNow,ServiceNow,https://de.wikipedia.org/wiki/ServiceNow,https://www.servicenow.com,not_yet_confirmed,no,,,Official website did not respond within the scan budget.
Shandong Energy Group,Shandong Energy Group,https://de.wikipedia.org/wiki/Shandong_Energy_Group,http://www.shandong-energy.com/,not_yet_confirmed,no,,,Official website did not respond within the scan budget.
Shell,Royal Dutch Shell,https://de.wikipedia.org/wiki/Royal_Dutch_Shell,https://www.shell.com/,minimal_official_material,no,https://www.shell.com/,minimal_term,Only thin official material surfaced in the scan budget.
Shell,Shell plc,https://de.wikipedia.org/wiki/Shell_plc,https://www.shell.com/,minimal_official_material,no,https://www.shell.com/,minimal_term,Only thin official material surfaced in the scan budget.
Siemens,Siemens,https://de.wikipedia.org/wiki/Siemens,https://www.siemens.com/,partial_official_material,yes,https://www.siemens.com/en-us/products/logo/,partial_term,"Official brand-adjacent material exists, but it is thinner than a full brand guide."
Sinopec,Sinopec,https://de.wikipedia.org/wiki/Sinopec,http://www.sinopecgroup.com,partial_official_material,yes,http://www.sinopecgroup.com/group/,partial_term,"Official brand-adjacent material exists, but it is thinner than a full brand guide."
Société Générale,Société Générale,https://de.wikipedia.org/wiki/Soci%C3%A9t%C3%A9_G%C3%A9n%C3%A9rale,https://www.societegenerale.com/,partial_official_material,yes,https://www.societegenerale.com/fr,partial_term,"Official brand-adjacent material exists, but it is thinner than a full brand guide."
Sony,Sony,https://de.wikipedia.org/wiki/Sony,https://www.sony.co.in/,not_yet_confirmed,no,,,Official website did not respond within the scan budget.
State Bank of India,State Bank of India,https://de.wikipedia.org/wiki/State_Bank_of_India,https://sbi.bank.in,not_yet_confirmed,no,,,"No brand-guide, media, logo, or culture signal was found on the scanned official-domain pages."
State Farm,State Farm,https://de.wikipedia.org/wiki/State_Farm,https://www.statefarm.com/,partial_official_material,yes,https://www.statefarm.com/,partial_term,"Official brand-adjacent material exists, but it is thinner than a full brand guide."
State Grid,State Grid Corporation,https://de.wikipedia.org/wiki/State_Grid_Corporation,https://www.sgcc.com.cn/,not_yet_confirmed,no,,,Official website did not respond within the scan budget.
Stellantis,Stellantis,https://de.wikipedia.org/wiki/Stellantis,https://www.stellantis.com/,not_yet_confirmed,no,,,Official website did not respond within the scan budget.
StoneX Group,StoneX Group,https://de.wikipedia.org/wiki/StoneX_Group,https://www.stonex.com/,not_yet_confirmed,no,,,Official website did not respond within the scan budget.
Sumitomo Mitsui Financial,Sumitomo Mitsui Financial Group,https://de.wikipedia.org/wiki/Sumitomo_Mitsui_Financial_Group,http://www.smfg.co.jp/,minimal_official_material,no,https://www.smfg.co.jp/,minimal_term,Only thin official material surfaced in the scan budget.
T-Mobile US,T-Mobile US,https://de.wikipedia.org/wiki/T-Mobile_US,https://www.t-mobile.com/,not_yet_confirmed,no,,,Official website did not respond within the scan budget.
Taiwan Semiconductor,TSMC,https://de.wikipedia.org/wiki/TSMC,https://www.tsmc.com/,partial_official_material,yes,https://www.tsmc.com/english,partial_term,"Official brand-adjacent material exists, but it is thinner than a full brand guide."
Target Corporation,Target Corporation,https://de.wikipedia.org/wiki/Target_Corporation,https://www.target.com,not_yet_confirmed,no,,,"No brand-guide, media, logo, or culture signal was found on the scanned official-domain pages."
Tata Consultancy Services,Tata Consultancy Services,https://de.wikipedia.org/wiki/Tata_Consultancy_Services,https://www.tcs.com/,not_yet_confirmed,no,,,Official website did not respond within the scan budget.
TD Bank,Toronto-Dominion Bank,https://de.wikipedia.org/wiki/Toronto-Dominion_Bank,http://www.td.com/,partial_official_material,yes,https://www.td.com/ca/en/personal-banking,partial_term,"Official brand-adjacent material exists, but it is thinner than a full brand guide."
Tencent,Tencent Holdings,https://de.wikipedia.org/wiki/Tencent_Holdings,https://www.tencent.com/en-us/,partial_official_material,yes,https://www.tencent.com/en-us/,partial_term,"Official brand-adjacent material exists, but it is thinner than a full brand guide."
Tencent,Tencent,https://de.wikipedia.org/wiki/Tencent,https://www.tencent.com/,partial_official_material,yes,https://www.tencent.com/,partial_term,"Official brand-adjacent material exists, but it is thinner than a full brand guide."
"Tesla, Inc.","Tesla, Inc.","https://de.wikipedia.org/wiki/Tesla,_Inc.",https://www.tesla.com/,not_yet_confirmed,no,,,Official website did not respond within the scan budget.
Texas Instruments,Texas Instruments,https://de.wikipedia.org/wiki/Texas_Instruments,https://www.ti.com/,partial_official_material,yes,https://www.ti.com/,partial_term,"Official brand-adjacent material exists, but it is thinner than a full brand guide."
Thermo Fisher Scientific,Thermo Fisher Scientific,https://de.wikipedia.org/wiki/Thermo_Fisher_Scientific,https://www.thermofisher.com/,not_yet_confirmed,no,,,Official website did not respond within the scan budget.
TotalEnergies,TotalEnergies,https://de.wikipedia.org/wiki/TotalEnergies,https://www.totalenergies.com/,partial_official_material,yes,https://totalenergies.com/,partial_term,"Official brand-adjacent material exists, but it is thinner than a full brand guide."
Toyota Motor,Toyota,https://de.wikipedia.org/wiki/Toyota,https://global.toyota,partial_official_material,yes,https://global.toyota,partial_term,"Official brand-adjacent material exists, but it is thinner than a full brand guide."
Trafigura,Trafigura,https://de.wikipedia.org/wiki/Trafigura,https://www.trafigura.com/,partial_official_material,yes,https://www.trafigura.com/,partial_term,"Official brand-adjacent material exists, but it is thinner than a full brand guide."
Uber,Uber (Unternehmen),https://de.wikipedia.org/wiki/Uber_(Unternehmen),https://www.uber.com/,not_yet_confirmed,no,,,Official website did not respond within the scan budget.
UBS,UBS,https://de.wikipedia.org/wiki/UBS,https://www.ubs.com/,partial_official_material,yes,https://www.ubs.com/de/en.html,partial_term,"Official brand-adjacent material exists, but it is thinner than a full brand guide."
UnitedHealth,UnitedHealth,https://de.wikipedia.org/wiki/UnitedHealth,https://www.uhc.com/,partial_official_material,yes,https://www.uhc.com/,partial_term,"Official brand-adjacent material exists, but it is thinner than a full brand guide."
Valero Energy,Valero Energy,https://de.wikipedia.org/wiki/Valero_Energy,https://www.valero.com,partial_official_material,yes,https://www.valero.com,partial_term,"Official brand-adjacent material exists, but it is thinner than a full brand guide."
Verizon,Verizon Communications,https://de.wikipedia.org/wiki/Verizon_Communications,https://www.verizon.net,partial_official_material,yes,https://www.verizon.com/etc/designs/vzwcom/gnav20/core.css,partial_term,"Official brand-adjacent material exists, but it is thinner than a full brand guide."
Visa,Visa Inc.,https://de.wikipedia.org/wiki/Visa_Inc.,https://corporate.visa.com/,rich_brand,yes,https://corporate.visa.com/en/about-visa/brand.html,rich_term,Useful official brand-guide material is available.
Volkswagen,Volkswagen AG,https://de.wikipedia.org/wiki/Volkswagen_AG,https://www.volkswagenag.com/,partial_official_material,yes,https://www.volkswagen-group.com/en,partial_term,"Official brand-adjacent material exists, but it is thinner than a full brand guide."
Walgreens Boots Alliance,Walgreens Boots Alliance,https://de.wikipedia.org/wiki/Walgreens_Boots_Alliance,https://www.walgreensbootsalliance.com/,rich_brand,yes,https://corporate.walgreens.com/media-resources/,rich_term,Useful official brand-guide material is available.
Walmart,Walmart,https://de.wikipedia.org/wiki/Walmart,https://www.walmart.com/,partial_official_material,yes,https://www.walmart.com/,partial_term,"Official brand-adjacent material exists, but it is thinner than a full brand guide."
Walt Disney,The Walt Disney Company,https://de.wikipedia.org/wiki/The_Walt_Disney_Company,https://www.disney.com/,not_yet_confirmed,no,,,Official website did not respond within the scan budget.
Wells Fargo,Wells Fargo,https://de.wikipedia.org/wiki/Wells_Fargo,https://www.wellsfargo.com/,partial_official_material,yes,https://www.wellsfargo.com/,partial_term,"Official brand-adjacent material exists, but it is thinner than a full brand guide."
Xiamen C & D,Xiamen C & D,https://de.wikipedia.org/wiki/Xiamen_C_%26_D,https://www.chinacnd.com/,partial_official_material,yes,https://www.chinacnd.com/index.html,partial_term,"Official brand-adjacent material exists, but it is thinner than a full brand guide."
Xiaomi,Xiaomi,https://de.wikipedia.org/wiki/Xiaomi,https://www.mi.com/,not_yet_confirmed,no,,,Official website did not respond within the scan budget.
Zurich Insurance Group,Zurich Insurance Group,https://de.wikipedia.org/wiki/Zurich_Insurance_Group,https://www.zurich.com/,partial_official_material,yes,https://www.zurich.com/logos,partial_term,"Official brand-adjacent material exists, but it is thinner than a full brand guide."
Électricité de France,Électricité de France,https://de.wikipedia.org/wiki/%C3%89lectricit%C3%A9_de_France,https://www.edf.fr/,partial_official_material,yes,https://www.edf.fr/,partial_term,"Official brand-adjacent material exists, but it is thinner than a full brand guide."
